depth,spp,torque,flow
1306.537,5922.52756725869,6.521484331474039,1993.92791688
1307.516,5979.16799842207,9.10431752304533,1993.92791688
1308.202,6138.33347053486,10.8465435866512,1993.92791688
1309.573,6169.497773499979,13.3276904320977,1993.92791688
1310.564,6016.4341615916455,13.14465500907295,1993.92791688
1311.554,6114.753400592221,10.0737273561023,1993.92791688
1312.469,6151.43350939188,10.3720073047352,1993.92791688
1314.8310000000001,6346.58961457501,13.564958573055648,1993.92791688
1315.364,6087.450161711279,11.7684997915166,1993.92791688
1316.431,6298.291839736371,11.1583817147674,1993.92791688
1317.422,20949.340823640952,11.64647617616675,3987.85583376
1318.5115,20882.5650992566,10.2635418688687,3987.85583376
1319.4030000000002,20743.4288970805,11.673592535133352,3987.85583376
1320.47,20716.677238782948,12.1684660862743,3987.85583376
1321.46,20746.945223299997,11.9040815863497,3987.85583376
1322.405,20681.1692387232,10.8465435866512,3987.85583376
1323.289,20654.624423144494,10.6567290738848,3987.85583376
1324.661,11611.253914706002,11.5244525608169,2880.1307202
1325.537,12245.3992167452,11.605801637716802,2968.74721512
1326.733,12244.123686646,10.7651945097513,2968.74721512
1327.4605,12230.0583817679,12.1481288170494,2968.74721512
1328.4589999999998,12230.0583817679,11.388870765983802,2968.74721512
1329.388,12245.4336905317,11.958314304282998,2968.74721512
1330.612,16343.4705828721,10.982125381484302,3500.44618464
1331.4470000000001,18587.162501215,11.1312653558008,3766.33352352
1332.506,18509.5964816669,12.4192924067156,3766.33352352
1333.473,18494.565910767706,12.1616869965327,3766.33352352
1334.5305,18477.7427029724,10.6838454328514,3766.33352352
1335.411,19712.1800487413,11.239730791667302,3920.39979192
1336.521,20359.2530207051,8.77214212570416,3987.85583376
1337.511,20373.4562207291,9.328027484520035,3987.85583376
1338.636,20356.357222642,10.8601017661345,3987.85583376
1339.4195,20338.0171682422,11.26684715063395,3987.85583376
1340.559,20311.6791953823,11.4159871249504,3987.85583376
1341.5575,20259.8306205376,13.2463413551978,3987.85583376
1342.5279999999998,20288.4438633043,12.8260377912151,3987.85583376
1343.4989999999998,20254.86639528655,12.975177765531502,3987.85583376
1344.5045,20191.365680616495,11.917639765833002,3987.85583376
1345.537,20162.1319096934,11.7142670735833,3987.85583376
1346.5120000000002,20202.8799252961,10.7380781507847,3987.85583376
1347.4765,20160.1324300784,12.3243851503324,3987.85583376
1348.5479999999998,20135.7249892606,12.229477893949198,3987.85583376
1349.4505,20155.3060999732,11.7549416120332,3987.85583376
1350.48,20128.8302319674,12.7582468937985,3987.85583376
1351.489,20149.1008184094,12.9345032270816,3987.85583376
1352.4935,20143.2402747102,13.1378759193313,3987.85583376
1353.4810000000002,20128.347598956894,13.7615521755637,3987.85583376
1354.5815,20077.3953425604,14.1140648421299,3987.85583376
1355.537,20006.9309230242,12.1481288170494,3987.85583376
1356.479,19949.9802277827,11.9718724837663,3987.85583376
1357.399,19900.8206082824,12.4599669451656,3987.85583376
1358.4645,19872.4831558074,12.392176047749,3987.85583376
1359.53,19852.2815169385,12.6904559963819,3987.85583376
1360.4625,19832.6314586529,12.5277578425821,3987.85583376
1361.471,19806.5692760847,13.083643201398,3987.85583376
1362.4744999999998,19748.9980526868,13.5717376627973,3987.85583376
1363.5729999999999,19706.0437147504,14.5208102266293,3987.85583376
1364.483,19694.6673652166,11.9311979453163,3987.85583376
1365.507,19574.4917455967,9.0026311769205,3987.85583376
1366.5369999999998,19484.7220056397,11.1990562532174,3987.85583376
1367.4850000000001,19414.3265336764,10.9075553943261,3987.85583376
1368.525,19370.8206151565,10.6296127149182,3987.85583376
1369.3065000000001,19377.370634585,9.524621087028091,3987.85583376
1370.5970000000002,19320.6957296352,8.55521125397114,3987.85583376
1371.5179999999998,19177.008987645502,10.317774586802,3987.85583376
1372.187,19088.2045137095,11.5380107403002,3987.85583376
1373.8795,19031.77092526495,6.962125164681745,3987.85583376
1374.59,19055.1786262753,7.91797681825538,3987.85583376
1375.053,19065.1070767774,6.72485702372375,3987.85583376
1378.6304999999998,19011.3969174636,6.182529844391191,4010.00049396
1379.6695,18919.3519075998,6.1960880238745,4010.00049396
1380.506,18869.1580745056,7.592580510655839,4010.00049396
1381.506,18858.7469909929,7.19939330563974,4010.00049396
1382.536,18866.5380667342,6.91467153649014,4010.00049396
1383.481,18868.3307036304,6.79264792114032,4010.00049396
1384.527,18863.7801638169,6.8875551775235095,4010.00049396
1385.545,18870.2612356725,6.83332245959026,4010.00049396
1386.45,18861.0912084726,6.80620610062363,4010.00049396
1387.4665,18843.3027346562,6.873996998040201,4010.00049396
1388.4615,18831.2369093932,6.83332245959026,4010.00049396
1389.489,18835.9253443525,6.79264792114032,4010.00049396
1390.47,18826.2037365691,6.873996998040201,4010.00049396
1391.516,18712.784979096497,6.95534607494008,3960.2980344
1392.451,20726.1920038475,7.13160240822317,4187.27133792
1393.46,23063.5147262316,7.41632417737276,4453.12082268
1394.5479999999998,23027.6619883071,7.497673254272651,4453.12082268
1395.5375,22975.8823610354,7.158718767189799,4453.12082268
1396.435,22915.0016541368,7.1180442287398495,4453.12082268
1397.5079999999998,22868.1862521162,7.68748776703904,4453.12082268
1398.5410000000002,23224.2315187354,7.76883684393893,4453.12082268
1399.5835,21322.7953524254,8.50097853603788,4303.86202752
1400.434,23165.1434487329,8.89416574105399,4453.12082268
1401.464,23154.7323652202,9.8703546638526,4453.12082268
1402.51,23204.2367225852,9.85679648436928,4453.12082268
1403.4485,23184.276400221454,10.17541370222715,4453.12082268
1404.5349999999999,23181.9666565283,10.4533563816351,4453.12082268
1405.5125,23223.7488857249,10.494030920085,4453.12082268
1406.5,23266.2895382237,10.6296127149182,4453.12082268
1407.469,23312.9670450985,10.3042164073186,4453.12082268
1408.484,23322.688652881803,10.5753799969849,4453.12082268
1409.691,23071.926330129303,9.083980253820382,4453.12082268
1410.3384999999998,22949.406493029703,6.84688063907357,4453.12082268
1411.512,22979.70895133315,7.42988235685608,4453.12082268
1412.516,22976.9855222024,7.660371408072409,4453.12082268
1413.493,22984.8455455166,7.734941395230639,4453.12082268
1414.415,23053.586275729504,7.63325504910579,4453.12082268
1415.4789999999998,22982.708170755697,7.68748776703904,4453.12082268
1416.5430000000001,21337.343290314,7.93153499773869,4206.917626199999
1417.442,23018.216170815496,8.10779133102178,4453.12082268
1418.533,22613.6662866388,8.284047664304861,4376.46622968
1419.4595,21228.199282363144,8.094233151538461,4311.2057268
1420.517,22956.7838833334,8.229814946371599,4453.12082268
1421.5259999999998,22912.243751219503,8.12134951050509,4453.12082268
1422.5020000000002,22950.7164969154,8.067116792571829,4453.12082268
1423.5335,22934.927502714,8.35183856172143,4453.12082268
1424.437,22945.1317435079,7.9450931772220095,4453.12082268
1425.665,22917.070081324702,8.60944397190439,4453.12082268
1426.434,22894.3173822573,7.7417204849723,4453.12082268
1427.506,22908.1758444165,8.324722202754801,4453.12082268
1428.48,22942.4427881636,7.714604126005669,4453.12082268
1429.492,22941.4775221425,7.97220953618864,4453.12082268
1430.509,22911.761118209,7.98576771567195,4453.12082268
1431.53,22856.3962171448,8.229814946371599,4453.12082268
1432.554,22860.0504385102,8.94839845898724,4453.12082268
1433.505,22820.957164657997,7.53834779272259,4453.12082268
1434.6845,17906.925746671,7.87052319006378,3856.35062088
1435.4665,19322.488366531397,8.16202404895503,4098.654843
1436.513,19350.7568714334,8.12134951050509,4098.654843
1437.449,19292.9788053166,9.07042207433707,4098.654843
1438.5115,23022.2840776185,8.067116792571829,4430.97616248
1439.4625,21641.264191796898,8.473862177071249,4303.33206984
1440.459,22917.34587161645,8.67723486932096,4430.97616248
1441.524,22910.4511143233,7.8366277413555006,4430.97616248
1442.4535,22880.5623414574,8.18914040792166,4430.97616248
1443.533,21034.1118645604,8.20269858740497,4200.14173872
1444.5735,20875.3256040988,9.8703546638526,4200.74740464
1445.4625,22877.3562793161,9.558516535736368,4430.97616248
1446.5030000000002,22873.702057950697,8.636560330871019,4430.97616248
1447.632,22865.8420346365,9.84323830488597,4430.97616248
1448.5895,22845.2956579028,7.687487767039039,4430.97616248
1449.5295,22850.6046210186,8.785700305187481,4430.97616248
1450.464,22847.5709278096,7.673929587555731,4430.97616248
1451.4925,22860.6020190937,9.81612194591934,4430.97616248
1452.491,22860.464123947797,8.66367668983765,4430.97616248
1453.533,22878.804178347596,9.450051099869858,4430.97616248
1454.5135,22864.152819099647,8.96195663847056,4430.97616248
1455.4095,22883.9752463175,9.721214689536142,4430.97616248
1456.49,22882.6652424318,10.4397982021518,4430.97616248
1457.5379999999998,22864.5320307508,9.558516535736368,4430.97616248
1458.41,22837.9872151721,10.0059364586857,4430.97616248
1459.4965,22835.8498404112,9.05686389485376,4430.97616248
1460.5484999999999,22819.819529704597,9.63986561263626,4430.97616248
1461.458,22847.8467181013,9.897471022819222,4430.97616248
1462.516,22834.4708889526,9.46360927935318,4430.97616248
1463.601,22864.394135604904,8.50097853603788,4430.97616248
1464.5,22809.0292345408,10.3313327662853,4430.97616248
1465.484,22833.4366753586,9.61274925366963,4430.97616248
1466.3975,22782.7602092538,9.12465479227033,4430.97616248
1467.496,22794.550244225095,8.717909407770911,4430.97616248
1468.572,22741.4606130677,8.975514817953869,4408.79364816
1469.558,22741.4606130677,8.568769433454449,4408.79364816
1470.5079999999998,22748.7001082256,8.55521125397114,4408.79364816
1471.4725,22720.9142363341,8.82637484363742,4408.79364816
1472.44,22672.581987709,9.097538433303695,4408.79364816
1473.479,22648.9329701934,8.9077239205373,4408.79364816
1474.54,22608.8054827472,9.13821297175364,4408.79364816
1475.476,22599.394139042,9.66698197160289,4408.79364816
1476.5045,22571.64274093695,8.89416574105399,4408.79364816
1477.67,22541.4437039929,8.85349120260405,4408.79364816
1478.3105,20674.5502717217,7.4569987158227,4273.95727272
1479.6075,22739.7369237444,8.77214212570416,4408.79364816
1480.5825,22882.320504567204,8.541653074487826,4408.79364816
1481.4940000000001,22887.69841525585,8.55521125397114,4408.79364816
1482.456,22866.393615219906,8.406071279654679,4408.79364816
1483.4620000000002,22725.6026712934,8.54165307448782,4408.79364816
1484.446,22728.636364502403,8.9077239205373,4408.79364816
1485.479,22748.424317933797,8.60944397190439,4408.79364816
1486.464,22697.6099566832,8.799258484670789,4408.79364816
1487.549,22698.1615372666,8.880607561570669,4408.79364816
1488.4495000000002,22692.163098421603,8.880607561570669,4408.79364816
1489.3975,22718.914756719103,8.758583946220849,4408.79364816
1490.4720000000002,22751.1822208511,8.636560330871019,4408.79364816
1491.46,22743.735882974503,8.56876943345445,4408.79364816
1492.5845,20785.7627068605,8.785700305187481,4141.75175862
1493.558,21089.4078180517,8.717909407770911,4171.10762868
1494.553,22752.354329590897,8.67723486932096,4408.79364816
1495.5165,20736.4651922144,8.751804856479197,4150.43927916
1496.4935,20927.1741789434,8.96195663847056,4176.18008076
1497.485,22757.6632927067,9.11109661278701,4408.79364816
1498.507,22767.8675335006,8.989072997437189,4408.79364816
1499.5655000000002,22771.7630713712,9.24667840762015,4408.79364816
1500.485,22783.6565277019,8.812816664154099,4408.79364816
1501.579,20854.8481749381,8.799258484670789,4325.62814652
1502.548,20624.9080192109,8.717909407770911,4197.98405388
1503.554,22787.2418014944,8.880607561570669,4408.79364816
1504.471,22780.2091490553,8.65011851035434,4408.79364816
1505.4805,22735.7379645144,8.867049382087359,4408.79364816
1506.474,22721.7416072093,8.921282100020619,4408.79364816
1507.455,22761.386461645,8.867049382087359,4408.79364816
1508.504,22717.5358052604,8.934840279503929,4408.79364816
1509.4640000000002,22772.1422830223,8.73146758725422,4408.79364816
1510.4489999999998,22741.1158752031,8.799258484670789,4408.79364816
1511.4160000000002,22741.3227179219,8.880607561570669,4408.79364816
1512.479,22749.9411645383,9.28735294607009,4408.79364816
1513.475,22739.116395588106,9.12465479227033,4408.79364816
1514.507,22741.4606130677,9.368702022969973,4408.79364816
1515.5175,22760.6280383427,8.975514817953869,4408.79364816
1516.42,22786.621273338,9.23312022813684,4408.79364816
1517.5810000000001,22779.3817781802,9.15855024097861,4408.79364816
1518.3919999999998,22724.1547722619,7.402765997889451,4408.79364816
1519.6370000000002,22649.2777080581,9.382260202453288,4364.50432776
